{
    "epoch": [
        1,
        2,
        3
    ],
    "train_loss": [
        318.8837401032448,
        94.15613160133361,
        97.7554141998291
    ],
    "train_acc": [
        0.38,
        0.36,
        0.4
    ],
    "val_loss": [
        35.803534746170044,
        29.22533082962036,
        32.83354377746582
    ],
    "val_acc": [
        0.2,
        0.3,
        0.4
    ],
    "learning_rates": [
        0.001,
        0.001,
        0.001
    ],
    "model_checkpoints": [],
    "time_per_epoch": [
        50.963353395462036,
        52.01912021636963,
        51.15768885612488
    ]
}