{
    "epoch": [
        1,
        2,
        3
    ],
    "train_loss": [
        1.4220078229904174,
        0.8478597730398179,
        0.851491105556488
    ],
    "train_acc": [
        0.46,
        0.66,
        0.6
    ],
    "val_loss": [
        3.1107407808303833,
        1.8877499103546143,
        1.8622575402259827
    ],
    "val_acc": [
        0.3,
        0.3,
        0.3
    ],
    "test_loss": [
        2.5770719051361084,
        1.8712709546089172,
        1.738442301750183
    ],
    "test_acc": [
        0.3,
        0.3,
        0.3
    ],
    "learning_rates": [
        0.001,
        0.001,
        0.001
    ],
    "model_checkpoints": [],
    "time_per_epoch": [
        8.38616132736206,
        9.161079406738281,
        6.715351819992065
    ]
}