{
    "epoch": [
        1,
        2,
        3
    ],
    "train_loss": [
        1.4399091362953187,
        1.5154499769210816,
        1.4424108028411866
    ],
    "train_acc": [
        0.28,
        0.18,
        0.24
    ],
    "val_loss": [
        1.3812385559082032,
        1.3897823214530944,
        1.396829867362976
    ],
    "val_acc": [
        0.26,
        0.26,
        0.26
    ],
    "learning_rates": [
        0.001,
        0.001,
        0.001
    ],
    "model_checkpoints": [],
    "time_per_epoch": [
        12.74825143814087,
        10.901351690292358,
        10.675137758255005
    ]
}